Workbook

Sheet Slideworks guide
B2: How to use this Excel model:
B3: Use this Excel to keep track of your various tasks when completing your business case, or alternatively use it as a tracking tool when implementing your suggested solution
B6: Formatting:
B8: Light yellow cells are input fields
B9: All other cells are calculated

Sheet Project overview
B2: Project description
B4: Insert a brief description of the project
B15: Project details
B17: Project name: | C17: [Insert name of project]
B18: Project category: | C18: [Insert category, if relevant]
B19: Business unit/team: | C19: [Insert business unit/team, if relevant]
B20: Model version: | C20: 1
B21: Date: | C21: [Insert date]
B22: Model prepared by: | C22: [Insert name and title]
B23: Project leader: | C23: [Insert name and title]
B24: Project sponsor: | C24: [Insert name and title]

Sheet Business case dashboard
B1: Business case dashboard
B2: Date: | C2: [Insert date]
B3: Business case status: | C3: On track
B4: Completion rate: | C4: ='Business case plan'!C33 -> 0.22222222
B7: Business case status
B9: Task | C9: Assigned to | D9: Status
B10: ='Business case plan'!B5 -> Step 1: [Insert step 1, e.g., Confirm the opportunity / problem] | C10: ='Business case plan'!C5 -> [Insert name] | D10: ='Business case plan'!G5 -> Complete
B11: ='Business case plan'!B10 -> Step 2: [Insert step 2 e.g., Analyze and develop shortlisted options] | C11: ='Business case plan'!C10 -> [Insert name] | D11: ='Business case plan'!G10 -> In progress
B12: ='Business case plan'!B16 -> Step 3: [Insert step 3 e.g., Evaluate options] | C12: ='Business case plan'!C16 -> [Insert name] | D12: ='Business case plan'!G16 -> Not started
B13: ='Business case plan'!B20 -> Step 4: [Insert step 4 e.g., Implementation strategy] | C13: ='Business case plan'!C20 -> [Insert name] | D13: ='Business case plan'!G20 -> Not started
B14: ='Business case plan'!B24 -> Step 5: [Insert step 5 e.g., Recommendation] | C14: ='Business case plan'!C24 -> [Insert name] | D14: ='Business case plan'!G24 -> Not started

Sheet Business case plan
B2: Business case plan
B4: Task | C4: Assigned to | D4: Start | E4: End | F4: Days | G4: Status
B5: Step 1: [Insert step 1, e.g., Confirm the opportunity / problem] | C5: [Insert name] | D5: =D6 -> 45667 | E5: =E8 -> 45688 | F5: =E5-D5 -> 21 | G5: Complete
B6: Kickoff | C6: [Insert name] | D6: 45667 | E6: 45669 | F6: =E6-D6 -> 2 | G6: Complete
B7: Confirm business opportunity / problem | C7: [Insert name] | D7: 45670 | E7: 45677 | F7: =E7-D7 -> 7 | G7: Complete
B8: Specify high level business requirements | C8: [Insert name] | D8: 45678 | E8: 45688 | F8: =E8-D8 -> 10 | G8: Complete
B10: Step 2: [Insert step 2 e.g., Analyze and develop shortlisted options] | C10: [Insert name] | D10: =D11 -> 45689 | E10: =E14 -> 45724 | F10: =E10-D10 -> 35 | G10: In progress
B11: Identify solution options | C11: [Insert name] | D11: 45689 | E11: 45693 | F11: =E11-D11 -> 4 | G11: In progress
B12: Select 2-3 options to analyze | C12: [Insert name] | D12: 45695 | E12: 45696 | F12: =E12-D12 -> 1 | G12: Overdue
B13: Gather information about each alternative | C13: [Insert name] | D13: 45696 | E13: 45716 | F13: =E13-D13 -> 20 | G13: In progress
B14: Analyze options and develop shortlisted options | C14: [Insert name] | D14: 45717 | E14: 45724 | F14: =E14-D14 -> 7 | G14: In progress
B16: Step 3: [Insert step 3 e.g., Evaluate options] | C16: [Insert name] | D16: =D17 -> 45734 | E16: =E18 -> 45751 | F16: =E16-D16 -> 17 | G16: Not started
B17: Analyze how options differ in terms of benefits, costs, risks, strategic value etc. | C17: [Insert name] | D17: 45734 | E17: 45747 | F17: =E17-D17 -> 13 | G17: Not started
B18: Select preferred option | C18: [Insert name] | D18: 45747 | E18: 45751 | F18: =E18-D18 -> 4 | G18: Not started
B20: Step 4: [Insert step 4 e.g., Implementation strategy] | C20: [Insert name] | D20: =D21 -> 45736 | E20: =E22 -> 45752 | F20: =E20-D20 -> 16 | G20: Not started
B21: Create implementation plan | C21: [Insert name] | D21: 45736 | E21: 45752 | F21: =E21-D21 -> 16 | G21: Not started
B22: Validate with stakeholders | C22: [Insert name] | D22: 45736 | E22: 45752 | F22: =E22-D22 -> 16 | G22: Not started
B24: Step 5: [Insert step 5 e.g., Recommendation] | C24: [Insert name] | D24: =D25 -> 45717 | E24: =E26 -> 45759 | F24: =E24-D24 -> 42 | G24: Not started
B25: Create presentation for Steering Committee | C25: [Insert name] | D25: 45717 | E25: 45757 | F25: =E25-D25 -> 40 | G25: Not started
B26: Present recommendation and next steps | C26: [Insert name] | D26: 45758 | E26: 45759 | F26: =E26-D26 -> 1 | G26: Not started
B28: Total days | F28: =E26-D6 -> 92
B31: Task status | C31: Completion rate
B32: Not started | C32: =COUNTIF(G8:G29,B32)/COUNTA(G8:G29) -> 0.6
B33: Complete | C33: =COUNTIF(G5:G26,B33)/COUNTA(G5:G26) -> 0.22222222
B34: In progress | C34: =COUNTIF(G7:G28,B34)/COUNTA(G7:G28) -> 0.25
B35: Overdue | C35: =COUNTIF(G6:G27,B35)/COUNTA(G6:G27) -> 0.058823529
